{
  "ref": "C1_scratch_long_v2",
  "gamma": 5,
  "seeds": [
    0,
    1
  ],
  "ref_line": 0.05,
  "contrasts": {
    "E2_soft_long_v2": {
      "math": {
        "mean": 0.019582342107496906,
        "ci": [
          -0.020253277858192715,
          0.06106734279437454
        ],
        "rel_pct": 1.024098816632851,
        "ci_lower_rel_pct": -1.0591867802968706,
        "n": 50
      },
      "code": {
        "mean": 0.0070353622555635155,
        "ci": [
          -0.03172540250749418,
          0.046150393505917854
        ],
        "rel_pct": 0.37116919298069134,
        "ci_lower_rel_pct": -1.6737577423795398,
        "n": 50
      },
      "chat": {
        "mean": 0.03501583781491238,
        "ci": [
          0.0006969813628419233,
          0.06985962851210795
        ],
        "rel_pct": 1.965895073021216,
        "ci_lower_rel_pct": 0.03913064238077486,
        "n": 50
      },
      "prose": {
        "mean": -0.022211097598054126,
        "ci": [
          -0.08140630081192943,
          0.03469946102318092
        ],
        "rel_pct": -1.304131448720523,
        "ci_lower_rel_pct": -4.779796070147433,
        "n": 50
      },
      "macro_pooled": {
        "mean": 0.00985561114497967,
        "ci": [
          -0.012866109879339439,
          0.03187932337253997
        ],
        "rel_pct": 0.5406325003564725,
        "ci_lower_rel_pct": -0.7057743098429377,
        "n": 200
      }
    }
  }
}