{
  "ref": "B3_dense",
  "gamma": 5,
  "seeds": [
    0,
    1
  ],
  "ref_line": 0.05,
  "contrasts": {
    "E1_hard_agg": {
      "math": {
        "mean": 0.12229185730849813,
        "ci": [
          0.0779739537401882,
          0.17112948838764433
        ],
        "rel_pct": 6.719237472281929,
        "ci_lower_rel_pct": 4.284222378856963,
        "n": 50
      },
      "code": {
        "mean": 0.07017837485871542,
        "ci": [
          0.0332988323499256,
          0.10642515341662977
        ],
        "rel_pct": 3.9897109715031456,
        "ci_lower_rel_pct": 1.8930720044772187,
        "n": 50
      },
      "chat": {
        "mean": -0.018136573393926332,
        "ci": [
          -0.05154511148358864,
          0.014611532680640615
        ],
        "rel_pct": -0.9832044238309162,
        "ci_lower_rel_pct": -2.7943195518120243,
        "n": 50
      },
      "prose": {
        "mean": -0.062028114058276594,
        "ci": [
          -0.12919323842539923,
          -0.0012738697587773794
        ],
        "rel_pct": -3.9293825043821298,
        "ci_lower_rel_pct": -8.184186452554181,
        "n": 50
      },
      "macro_pooled": {
        "mean": 0.028076386178752664,
        "ci": [
          0.0022861672211517297,
          0.05329828945423809
        ],
        "rel_pct": 1.603856177574021,
        "ci_lower_rel_pct": 0.13059670134421597,
        "n": 200
      }
    },
    "E2_soft_agg": {
      "math": {
        "mean": 0.08706711464490098,
        "ci": [
          0.04158106183462219,
          0.13181839024086506
        ],
        "rel_pct": 4.783839514757551,
        "ci_lower_rel_pct": 2.2846413078154324,
        "n": 50
      },
      "code": {
        "mean": 0.07466081033689392,
        "ci": [
          0.03763820287684454,
          0.11267457870109765
        ],
        "rel_pct": 4.2445419225239895,
        "ci_lower_rel_pct": 2.139769569582145,
        "n": 50
      },
      "chat": {
        "mean": -0.029897658075087742,
        "ci": [
          -0.07094586686141068,
          0.011536330226650664
        ],
        "rel_pct": -1.6207862997678768,
        "ci_lower_rel_pct": -3.846056729438089,
        "n": 50
      },
      "prose": {
        "mean": -0.013803426895731028,
        "ci": [
          -0.07066674774137713,
          0.04400563574930581
        ],
        "rel_pct": -0.874425169426314,
        "ci_lower_rel_pct": -4.47662622719224,
        "n": 50
      },
      "macro_pooled": {
        "mean": 0.02950671000274404,
        "ci": [
          0.006029503911622489,
          0.05357153666099329
        ],
        "rel_pct": 1.6855630499056147,
        "ci_lower_rel_pct": 0.34443382545011275,
        "n": 200
      }
    }
  }
}