{
  "ref": "B3_dense_v2",
  "gamma": 5,
  "seeds": [
    0,
    1
  ],
  "ref_line": 0.05,
  "contrasts": {
    "E1_hard_v2": {
      "math": {
        "mean": -0.0012591384793397564,
        "ci": [
          -0.04247821246520943,
          0.039537425560335716
        ],
        "rel_pct": -0.0671260241722379,
        "ci_lower_rel_pct": -2.2645591120591164,
        "n": 50
      },
      "code": {
        "mean": 0.08301598191110576,
        "ci": [
          0.04769267432451451,
          0.11965491677332817
        ],
        "rel_pct": 4.438719860932322,
        "ci_lower_rel_pct": 2.550044170674073,
        "n": 50
      },
      "chat": {
        "mean": 0.006749119934895251,
        "ci": [
          -0.024606578703962715,
          0.03911246319147819
        ],
        "rel_pct": 0.37387661328678035,
        "ci_lower_rel_pct": -1.3631146577861157,
        "n": 50
      },
      "prose": {
        "mean": 0.0004958458034141344,
        "ci": [
          -0.058899922774958015,
          0.0587381350971807
        ],
        "rel_pct": 0.030262020189575196,
        "ci_lower_rel_pct": -3.5947277155666453,
        "n": 50
      },
      "macro_pooled": {
        "mean": 0.022250452292518846,
        "ci": [
          -5.167483073522896e-05,
          0.04429523799932324
        ],
        "rel_pct": 1.237901430628505,
        "ci_lower_rel_pct": -0.0028749234421690164,
        "n": 200
      }
    },
    "E2_soft_long_v2": {
      "math": {
        "mean": 0.05595301980441297,
        "ci": [
          0.021300898078529636,
          0.09052628538257407
        ],
        "rel_pct": 2.982915558160197,
        "ci_lower_rel_pct": 1.1355737456768944,
        "n": 50
      },
      "code": {
        "mean": 0.03222644658403175,
        "ci": [
          -0.006518696096859779,
          0.06968176154233625
        ],
        "rel_pct": 1.7230919300935241,
        "ci_lower_rel_pct": -0.34854331860456694,
        "n": 50
      },
      "chat": {
        "mean": 0.011007913005018901,
        "ci": [
          -0.021200683764942132,
          0.04361837676310725
        ],
        "rel_pct": 0.6097982067844002,
        "ci_lower_rel_pct": -1.1744405080754596,
        "n": 50
      },
      "prose": {
        "mean": 0.04241364963065731,
        "ci": [
          -0.015257390596738904,
          0.10256026478596603
        ],
        "rel_pct": 2.5885521518965273,
        "ci_lower_rel_pct": -0.9311754966959267,
        "n": 50
      },
      "macro_pooled": {
        "mean": 0.03540025725603023,
        "ci": [
          0.014154910326536145,
          0.05735640019555282
        ],
        "rel_pct": 1.969489362541677,
        "ci_lower_rel_pct": 0.7875068566371908,
        "n": 200
      }
    },
    "C1_scratch_long_v2": {
      "math": {
        "mean": 0.03637067769691606,
        "ci": [
          -0.004347324946725139,
          0.07524138975167413
        ],
        "rel_pct": 1.9389598763783686,
        "ci_lower_rel_pct": -0.23176056029314818,
        "n": 50
      },
      "code": {
        "mean": 0.025191084328468238,
        "ci": [
          -0.005542154866332482,
          0.056876592830114495
        ],
        "rel_pct": 1.3469233725010523,
        "ci_lower_rel_pct": -0.2963293610607976,
        "n": 50
      },
      "chat": {
        "mean": -0.024007924809893486,
        "ci": [
          -0.056283978663235645,
          0.008371913788311876
        ],
        "rel_pct": -1.329951416859205,
        "ci_lower_rel_pct": -3.1179270079518226,
        "n": 50
      },
      "prose": {
        "mean": 0.06462474722871142,
        "ci": [
          0.006160245959012879,
          0.12683941885293482
        ],
        "rel_pct": 3.944120111364667,
        "ci_lower_rel_pct": 0.3759666539492642,
        "n": 50
      },
      "macro_pooled": {
        "mean": 0.025544646111050562,
        "ci": [
          0.004127704589666331,
          0.04757436832480751
        ],
        "rel_pct": 1.4211735361622462,
        "ci_lower_rel_pct": 0.22964438428417033,
        "n": 200
      }
    }
  }
}