{
  "ref": "B3_dense_v2",
  "gamma": 5,
  "seeds": [
    0,
    1
  ],
  "ref_line": 0.05,
  "contrasts": {
    "E1_hard_v2": {
      "math": {
        "mean": -0.0012591384793397564,
        "ci": [
          -0.04247821246520943,
          0.039537425560335716
        ],
        "rel_pct": -0.0671260241722379,
        "ci_lower_rel_pct": -2.2645591120591164,
        "n": 50
      },
      "code": {
        "mean": 0.08301598191110576,
        "ci": [
          0.04769267432451451,
          0.11965491677332817
        ],
        "rel_pct": 4.438719860932322,
        "ci_lower_rel_pct": 2.550044170674073,
        "n": 50
      },
      "chat": {
        "mean": 0.006749119934895251,
        "ci": [
          -0.024606578703962715,
          0.03911246319147819
        ],
        "rel_pct": 0.37387661328678035,
        "ci_lower_rel_pct": -1.3631146577861157,
        "n": 50
      },
      "prose": {
        "mean": 0.0004958458034141344,
        "ci": [
          -0.058899922774958015,
          0.0587381350971807
        ],
        "rel_pct": 0.030262020189575196,
        "ci_lower_rel_pct": -3.5947277155666453,
        "n": 50
      },
      "macro_pooled": {
        "mean": 0.022250452292518846,
        "ci": [
          -5.167483073522896e-05,
          0.04429523799932324
        ],
        "rel_pct": 1.237901430628505,
        "ci_lower_rel_pct": -0.0028749234421690164,
        "n": 200
      }
    },
    "E2_soft_v2": {
      "math": {
        "mean": -0.031539396061454915,
        "ci": [
          -0.06555938217591663,
          0.0012866058863736072
        ],
        "rel_pct": -1.6813990654222086,
        "ci_lower_rel_pct": -3.495041049785994,
        "n": 50
      },
      "code": {
        "mean": -0.08670023194077575,
        "ci": [
          -0.11990375860697232,
          -0.05252200861275097
        ],
        "rel_pct": -4.6357102885929615,
        "ci_lower_rel_pct": -6.411044987688126,
        "n": 50
      },
      "chat": {
        "mean": -0.04743652087768057,
        "ci": [
          -0.0789730818171524,
          -0.015334525402890549
        ],
        "rel_pct": -2.627810135682545,
        "ci_lower_rel_pct": -4.374820518147305,
        "n": 50
      },
      "prose": {
        "mean": -0.06224004678124007,
        "ci": [
          -0.12034209003667647,
          -0.004304489745589666
        ],
        "rel_pct": -3.7985791940259084,
        "ci_lower_rel_pct": -7.344611436196673,
        "n": 50
      },
      "macro_pooled": {
        "mean": -0.05697904891528783,
        "ci": [
          -0.07758329448701277,
          -0.03647149802166674
        ],
        "rel_pct": -3.1700230287813875,
        "ci_lower_rel_pct": -4.3163379321793345,
        "n": 200
      }
    },
    "C1_scratch_v2": {
      "math": {
        "mean": -0.08106777583441672,
        "ci": [
          -0.11662392876408936,
          -0.04649830909437141
        ],
        "rel_pct": -4.321810165871564,
        "ci_lower_rel_pct": -6.217346852416565,
        "n": 50
      },
      "code": {
        "mean": -0.145610811278953,
        "ci": [
          -0.1827520455574921,
          -0.1077232063067409
        ],
        "rel_pct": -7.785556288215056,
        "ci_lower_rel_pct": -9.771433350155068,
        "n": 50
      },
      "chat": {
        "mean": -0.07318425915890248,
        "ci": [
          -0.10193366863413766,
          -0.04301084176840423
        ],
        "rel_pct": -4.054140869354274,
        "ci_lower_rel_pct": -5.646753232489384,
        "n": 50
      },
      "prose": {
        "mean": -0.027062230040739915,
        "ci": [
          -0.08565490126264454,
          0.03176938147826874
        ],
        "rel_pct": -1.651637961295398,
        "ci_lower_rel_pct": -5.227613773270728,
        "n": 50
      },
      "macro_pooled": {
        "mean": -0.08173126907825302,
        "ci": [
          -0.10340175118736472,
          -0.059844852538269086
        ],
        "rel_pct": -4.5471100357393786,
        "ci_lower_rel_pct": -5.752744889926065,
        "n": 200
      }
    }
  }
}