{
  "ref": "B3_dense_v3",
  "gamma": 5,
  "seeds": [
    0,
    1
  ],
  "ref_line": 0.05,
  "contrasts": {
    "E1_hard_v3": {
      "math": {
        "mean": -0.01977790901049416,
        "ci": [
          -0.05465337705058099,
          0.01692702866234203
        ],
        "rel_pct": -1.0420172859069083,
        "ci_lower_rel_pct": -2.8794633239376197,
        "n": 50
      },
      "code": {
        "mean": -0.00017132738262767066,
        "ci": [
          -0.033748530444873304,
          0.03366507750827606
        ],
        "rel_pct": -0.009314768327271026,
        "ci_lower_rel_pct": -1.8348482166625726,
        "n": 50
      },
      "chat": {
        "mean": -0.06389939369756639,
        "ci": [
          -0.10014470813470341,
          -0.029078198129765056
        ],
        "rel_pct": -3.4099468342506163,
        "ci_lower_rel_pct": -5.344152905223722,
        "n": 50
      },
      "prose": {
        "mean": -0.13703315824070636,
        "ci": [
          -0.19941048327914718,
          -0.07612757754636125
        ],
        "rel_pct": -7.746475998450954,
        "ci_lower_rel_pct": -11.272662342409255,
        "n": 50
      },
      "macro_pooled": {
        "mean": -0.05522044708284865,
        "ci": [
          -0.078646363560282,
          -0.032452917821308505
        ],
        "rel_pct": -2.992882701430509,
        "ci_lower_rel_pct": -4.262539574821571,
        "n": 200
      }
    },
    "E2_soft_v3": {
      "math": {
        "mean": 0.14373406980876022,
        "ci": [
          0.1059484011806477,
          0.18248857847626232
        ],
        "rel_pct": 7.57276136901068,
        "ci_lower_rel_pct": 5.581988742382044,
        "n": 50
      },
      "code": {
        "mean": 0.1357053334092808,
        "ci": [
          0.09287677803577571,
          0.17958591423411474
        ],
        "rel_pct": 7.378060191519947,
        "ci_lower_rel_pct": 5.049546996621779,
        "n": 50
      },
      "chat": {
        "mean": 0.08903106641380637,
        "ci": [
          0.05228869587906933,
          0.12663753118334195
        ],
        "rel_pct": 4.751081121436018,
        "ci_lower_rel_pct": 2.7903499964932577,
        "n": 50
      },
      "prose": {
        "mean": -0.043152321982669245,
        "ci": [
          -0.11493086883149206,
          0.02708408584395128
        ],
        "rel_pct": -2.439398104865949,
        "ci_lower_rel_pct": -6.497034938948065,
        "n": 50
      },
      "macro_pooled": {
        "mean": 0.08132953691229453,
        "ci": [
          0.05455479090611132,
          0.10848333029938573
        ],
        "rel_pct": 4.407964386361567,
        "ci_lower_rel_pct": 2.9568049265898138,
        "n": 200
      }
    },
    "C1_scratch_v3": {
      "math": {
        "mean": 0.021793024227234743,
        "ci": [
          -0.005491282280456084,
          0.048893062773354944
        ],
        "rel_pct": 1.148185480321373,
        "ci_lower_rel_pct": -0.28931324615728826,
        "n": 50
      },
      "code": {
        "mean": 0.03121482628138977,
        "ci": [
          -0.0003866011536193286,
          0.0625469958597474
        ],
        "rel_pct": 1.6970951795781235,
        "ci_lower_rel_pct": -0.021018824462203378,
        "n": 50
      },
      "chat": {
        "mean": -0.0495672788739655,
        "ci": [
          -0.08656925765582885,
          -0.014811659379604278
        ],
        "rel_pct": -2.6451234651563413,
        "ci_lower_rel_pct": -4.619708404184155,
        "n": 50
      },
      "prose": {
        "mean": -0.0657360305446387,
        "ci": [
          -0.13751625054100536,
          0.005097263137594232
        ],
        "rel_pct": -3.716053759433937,
        "ci_lower_rel_pct": -7.773785176443694,
        "n": 50
      },
      "macro_pooled": {
        "mean": -0.01557386472749492,
        "ci": [
          -0.03882467980191124,
          0.007625435509041506
        ],
        "rel_pct": -0.8440849866247373,
        "ci_lower_rel_pct": -2.104251571766238,
        "n": 200
      }
    }
  }
}