{
  "ref": "B3_dense",
  "gamma": 5,
  "seeds": [
    0,
    1
  ],
  "ref_line": 0.05,
  "contrasts": {
    "E1_hard": {
      "math": {
        "mean": 0.048206322959805946,
        "ci": [
          0.012533721977626783,
          0.0840687756881062
        ],
        "rel_pct": 2.648661478869731,
        "ci_lower_rel_pct": 0.6886562706033998,
        "n": 50
      },
      "code": {
        "mean": 0.08612611799105607,
        "ci": [
          0.04254168647722249,
          0.12809457697552704
        ],
        "rel_pct": 4.8963561577718275,
        "ci_lower_rel_pct": 2.418537528492554,
        "n": 50
      },
      "chat": {
        "mean": -0.007333939796014102,
        "ci": [
          -0.047885445998574874,
          0.0338962137406797
        ],
        "rel_pct": -0.39758127927105835,
        "ci_lower_rel_pct": -2.5959248927739593,
        "n": 50
      },
      "prose": {
        "mean": -0.043798201736709945,
        "ci": [
          -0.09873981393468807,
          0.011711302609580474
        ],
        "rel_pct": -2.774546513955526,
        "ci_lower_rel_pct": -6.255010381202134,
        "n": 50
      },
      "macro_pooled": {
        "mean": 0.020800074854534487,
        "ci": [
          -0.002624498353925413,
          0.04370487933230036
        ],
        "rel_pct": 1.188198806536336,
        "ci_lower_rel_pct": -0.14992377833731338,
        "n": 200
      }
    },
    "E2_soft": {
      "math": {
        "mean": 0.0764997218983287,
        "ci": [
          0.03797799417215052,
          0.11854139493117818
        ],
        "rel_pct": 4.203221778713448,
        "ci_lower_rel_pct": 2.086673366321387,
        "n": 50
      },
      "code": {
        "mean": 0.09498607923163718,
        "ci": [
          0.059289962247467465,
          0.1272707348669133
        ],
        "rel_pct": 5.400053837289254,
        "ci_lower_rel_pct": 3.3706937978395093,
        "n": 50
      },
      "chat": {
        "mean": -0.019404981155755185,
        "ci": [
          -0.054364131328982344,
          0.014555932310508507
        ],
        "rel_pct": -1.0519662618895451,
        "ci_lower_rel_pct": -2.9471418475487936,
        "n": 50
      },
      "prose": {
        "mean": 0.012306629427200476,
        "ci": [
          -0.04010402327111618,
          0.06635408810945677
        ],
        "rel_pct": 0.7796054272055261,
        "ci_lower_rel_pct": -2.540526175740318,
        "n": 50
      },
      "macro_pooled": {
        "mean": 0.04109686235035279,
        "ci": [
          0.019455025003633938,
          0.06248494766324145
        ],
        "rel_pct": 2.347647455049033,
        "ci_lower_rel_pct": 1.1113631874941525,
        "n": 200
      }
    },
    "C1_scratch": {
      "math": {
        "mean": 0.05530090484290239,
        "ci": [
          0.013900134287731425,
          0.09731715789039073
        ],
        "rel_pct": 3.038468138840718,
        "ci_lower_rel_pct": 0.7637328047137736,
        "n": 50
      },
      "code": {
        "mean": 0.08882619929949652,
        "ci": [
          0.051842640985820206,
          0.12471596623298443
        ],
        "rel_pct": 5.04985848725613,
        "ci_lower_rel_pct": 2.947306117436239,
        "n": 50
      },
      "chat": {
        "mean": -0.02479024459073926,
        "ci": [
          -0.06847670794029449,
          0.019443734389535512
        ],
        "rel_pct": -1.34390756291526,
        "ci_lower_rel_pct": -3.7122007952627833,
        "n": 50
      },
      "prose": {
        "mean": -0.020354735311469394,
        "ci": [
          -0.08878181888221275,
          0.04360570442836257
        ],
        "rel_pct": -1.289440151913579,
        "ci_lower_rel_pct": -5.624187211225402,
        "n": 50
      },
      "macro_pooled": {
        "mean": 0.02474553106004757,
        "ci": [
          -0.0007772345515444341,
          0.04946984037206695
        ],
        "rel_pct": 1.4135819547902484,
        "ci_lower_rel_pct": -0.044399319377572945,
        "n": 200
      }
    }
  }
}