{
  "ref": "E2_soft",
  "gamma": 5,
  "seeds": [
    0,
    1
  ],
  "ref_line": 0.05,
  "contrasts": {
    "E2_soft_agg": {
      "math": {
        "mean": 0.010567392746572297,
        "ci": [
          -0.03220489658582736,
          0.052513412360558225
        ],
        "rel_pct": 0.5571974898022898,
        "ci_lower_rel_pct": -1.6980998026013485,
        "n": 50
      },
      "code": {
        "mean": -0.020325268894743242,
        "ci": [
          -0.05589313484026854,
          0.01639850938451105
        ],
        "rel_pct": -1.0963105545933394,
        "ci_lower_rel_pct": -3.014780959209995,
        "n": 50
      },
      "chat": {
        "mean": -0.010492676919332559,
        "ci": [
          -0.043845654002607745,
          0.022284385775501216
        ],
        "rel_pct": -0.5748674494976318,
        "ci_lower_rel_pct": -2.4021934042011903,
        "n": 50
      },
      "prose": {
        "mean": -0.026110056322931504,
        "ci": [
          -0.08213952054823555,
          0.031798764303189404
        ],
        "rel_pct": -1.6412354360987937,
        "ci_lower_rel_pct": -5.163155918186598,
        "n": 50
      },
      "macro_pooled": {
        "mean": -0.011590152347608754,
        "ci": [
          -0.03337842586300447,
          0.010218372502461878
        ],
        "rel_pct": -0.6468975317036034,
        "ci_lower_rel_pct": -1.8629971941123102,
        "n": 200
      }
    }
  }
}