{
  "ref": "E1_hard",
  "gamma": 5,
  "seeds": [
    0,
    1
  ],
  "ref_line": 0.05,
  "contrasts": {
    "E1_hard_agg": {
      "math": {
        "mean": 0.07408553434869221,
        "ci": [
          0.03327916697380706,
          0.1179155757984705
        ],
        "rel_pct": 3.965542204610363,
        "ci_lower_rel_pct": 1.7813186113739197,
        "n": 50
      },
      "code": {
        "mean": -0.01594774313234066,
        "ci": [
          -0.05163840514275883,
          0.020557042380349153
        ],
        "rel_pct": -0.8643247673017559,
        "ci_lower_rel_pct": -2.7986626156737016,
        "n": 50
      },
      "chat": {
        "mean": -0.01080263359791223,
        "ci": [
          -0.04273318253061866,
          0.018637874102376814
        ],
        "rel_pct": -0.5879607664969082,
        "ci_lower_rel_pct": -2.3258619787318064,
        "n": 50
      },
      "prose": {
        "mean": -0.018229912321566635,
        "ci": [
          -0.07402110731891236,
          0.03714199491402766
        ],
        "rel_pct": -1.187791827160123,
        "ci_lower_rel_pct": -4.822934129350256,
        "n": 50
      },
      "macro_pooled": {
        "mean": 0.00727631132421817,
        "ci": [
          -0.015286667097018083,
          0.02924022239839788
        ],
        "rel_pct": 0.4107765292199617,
        "ci_lower_rel_pct": -0.8629927684036787,
        "n": 200
      }
    }
  }
}