{
  "ckpt": "ckpts_v2/E2_soft_long/draft.pt",
  "C": "data/collapse/coact_k16_v2/C.safetensors",
  "gamma": 5,
  "max_new": 32,
  "skip": 300,
  "per_domain": 50,
  "seeds": [
    0,
    1
  ],
  "results": {
    "math": {
      "mean_tau": 1.931735914541255,
      "norm_tau": 0.32195598575687584,
      "n_prompts": 50,
      "n_seeds": 2,
      "tau_by_prompt_seed": [
        [
          1.7777777777777777,
          1.736842105263158
        ],
        [
          2.0,
          2.0
        ],
        [
          1.8823529411764706,
          1.8823529411764706
        ],
        [
          2.2857142857142856,
          1.9411764705882353
        ],
        [
          1.8823529411764706,
          1.7777777777777777
        ],
        [
          1.8823529411764706,
          1.8823529411764706
        ],
        [
          1.8333333333333333,
          1.8333333333333333
        ],
        [
          1.8823529411764706,
          2.0
        ],
        [
          1.8823529411764706,
          1.8333333333333333
        ],
        [
          2.1333333333333333,
          2.1333333333333333
        ],
        [
          2.0625,
          1.7777777777777777
        ],
        [
          1.9411764705882353,
          1.8823529411764706
        ],
        [
          1.7777777777777777,
          1.6842105263157894
        ],
        [
          2.1176470588235294,
          2.0
        ],
        [
          2.2666666666666666,
          1.736842105263158
        ],
        [
          2.0625,
          1.9411764705882353
        ],
        [
          2.0,
          2.0
        ],
        [
          1.7777777777777777,
          1.9411764705882353
        ],
        [
          1.7777777777777777,
          2.0
        ],
        [
          1.736842105263158,
          2.0588235294117645
        ],
        [
          1.7777777777777777,
          2.125
        ],
        [
          1.7777777777777777,
          2.0
        ],
        [
          2.0,
          2.0
        ],
        [
          1.8333333333333333,
          1.9411764705882353
        ],
        [
          1.8888888888888888,
          1.9411764705882353
        ],
        [
          1.7777777777777777,
          1.8888888888888888
        ],
        [
          2.2857142857142856,
          1.9411764705882353
        ],
        [
          1.8823529411764706,
          1.736842105263158
        ],
        [
          2.0588235294117645,
          2.0
        ],
        [
          2.0625,
          2.0
        ],
        [
          1.8823529411764706,
          1.6842105263157894
        ],
        [
          2.1333333333333333,
          2.0
        ],
        [
          2.2666666666666666,
          1.7777777777777777
        ],
        [
          1.9411764705882353,
          2.0
        ],
        [
          1.6842105263157894,
          1.8823529411764706
        ],
        [
          1.6842105263157894,
          2.125
        ],
        [
          2.0,
          1.8823529411764706
        ],
        [
          2.0588235294117645,
          2.0
        ],
        [
          1.7777777777777777,
          1.6842105263157894
        ],
        [
          2.1333333333333333,
          2.2
        ],
        [
          2.0,
          1.7777777777777777
        ],
        [
          2.1333333333333333,
          2.0
        ],
        [
          2.0,
          2.0
        ],
        [
          1.8823529411764706,
          1.9411764705882353
        ],
        [
          1.8823529411764706,
          1.7777777777777777
        ],
        [
          1.9444444444444444,
          1.8823529411764706
        ],
        [
          1.7777777777777777,
          2.0
        ],
        [
          1.7777777777777777,
          2.125
        ],
        [
          1.8333333333333333,
          1.8333333333333333
        ],
        [
          2.0,
          1.8823529411764706
        ]
      ],
      "position_acceptance": [
        0.5050206733608978,
        0.5637426900584795,
        0.3630705394190871,
        0.2,
        0.42857142857142855
      ],
      "latency_ms": {
        "t_anchor": 304.6411222249338,
        "t_draft": 16.022377711890197,
        "t_verify": 313.90103714774943,
        "rounds": 1693,
        "gen_tokens": 3255.0,
        "L_offline_ms_per_tok": 330.0515395650331
      }
    },
    "code": {
      "mean_tau": 1.902495004007001,
      "norm_tau": 0.3170825006678335,
      "n_prompts": 50,
      "n_seeds": 2,