{
  "ckpt": "ckpts_v3/E2_soft/draft.pt",
  "C": "data/collapse/coact_k16_v3/C.safetensors",
  "gamma": 5,
  "max_new": 32,
  "skip": 5000,
  "per_domain": 50,
  "seeds": [
    0,
    1
  ],
  "results": {
    "math": {
      "mean_tau": 2.041774464914171,
      "norm_tau": 0.3402957441523618,
      "n_prompts": 50,
      "n_seeds": 2,
      "tau_by_prompt_seed": [
        [
          2.0625,
          2.0
        ],
        [
          1.8888888888888888,
          1.7777777777777777
        ],
        [
          1.8823529411764706,
          2.5
        ],
        [
          2.1333333333333333,
          1.8333333333333333
        ],
        [
          2.1333333333333333,
          1.8333333333333333
        ],
        [
          1.8888888888888888,
          1.8823529411764706
        ],
        [
          2.2,
          2.0
        ],
        [
          1.7777777777777777,
          1.7777777777777777
        ],
        [
          1.8888888888888888,
          1.7777777777777777
        ],
        [
          2.2857142857142856,
          2.1333333333333333
        ],
        [
          1.8888888888888888,
          2.357142857142857
        ],
        [
          2.125,
          2.4285714285714284
        ],
        [
          1.6842105263157894,
          1.7777777777777777
        ],
        [
          2.357142857142857,
          2.1333333333333333
        ],
        [
          1.9411764705882353,
          2.0
        ],
        [
          2.2666666666666666,
          2.0
        ],
        [
          2.0,
          1.8823529411764706
        ],
        [
          2.0,
          2.0
        ],
        [
          2.357142857142857,
          2.0
        ],
        [
          2.0,
          2.0
        ],
        [
          2.0,
          2.1875
        ],
        [
          1.7777777777777777,
          2.357142857142857
        ],
        [
          2.125,
          1.9411764705882353
        ],
        [
          2.125,
          2.2857142857142856
        ],
        [
          1.9444444444444444,
          1.8823529411764706
        ],
        [
          1.9411764705882353,
          1.9411764705882353
        ],
        [
          1.7894736842105263,
          1.8888888888888888
        ],
        [
          2.2,
          1.9411764705882353
        ],
        [
          2.357142857142857,
          2.2857142857142856
        ],
        [
          1.736842105263158,
          2.0
        ],
        [
          1.9411764705882353,
          2.1333333333333333
        ],
        [
          2.4615384615384617,
          2.2
        ],
        [
          2.2,
          2.1333333333333333
        ],
        [
          1.7777777777777777,
          1.7777777777777777
        ],
        [
          2.2857142857142856,
          2.125
        ],
        [
          1.8823529411764706,
          1.8333333333333333
        ],
        [
          1.8823529411764706,
          1.7894736842105263
        ],
        [
          1.8888888888888888,
          2.1333333333333333
        ],
        [
          2.1875,
          2.2857142857142856
        ],
        [
          2.125,
          2.125
        ],
        [
          2.0,
          2.357142857142857
        ],
        [
          1.8333333333333333,
          2.2857142857142856
        ],
        [
          2.2,
          2.357142857142857
        ],
        [
          1.9411764705882353,
          2.0625
        ],
        [
          2.1875,
          2.0588235294117645
        ],
        [
          2.0625,
          2.0
        ],
        [
          2.1333333333333333,
          2.1333333333333333
        ],
        [
          2.2857142857142856,
          1.8823529411764706
        ],
        [
          2.0625,
          1.8823529411764706
        ],
        [
          1.9411764705882353,
          1.7777777777777777
        ]
      ],
      "position_acceptance": [
        0.5472513897467572,
        0.5846501128668171,
        0.3783783783783784,
        0.2193877551020408,
        0.3953488372093023
      ],
      "latency_ms": {
        "t_anchor": 248.54158635358795,
        "t_draft": 17.06140485862264,
        "t_verify": 249.87097116541852,
        "rounds": 1619,
        "gen_tokens": 3279.0,
        "L_offline_ms_per_tok": 254.51428639505386
      }
    },
    "code": {
      "mean_tau": 1.9750144456506686,
      "norm_tau": 0.32916907427511144,
      "n_prompts": 50,
      "n_seeds": 2,