{
  "ckpt": "ckpts/C1_scratch/draft.pt",
  "C": null,
  "gamma": 5,
  "max_new": 32,
  "skip": 200,
  "per_domain": 50,
  "seeds": [
    0,
    1
  ],
  "results": {
    "math": {
      "mean_tau": 1.8753267308830472,
      "norm_tau": 0.31255445514717456,
      "n_prompts": 50,
      "n_seeds": 2,
      "tau_by_prompt_seed": [
        [
          1.6842105263157894,
          1.5714285714285714
        ],
        [
          1.7777777777777777,
          2.125
        ],
        [
          1.9411764705882353,
          1.8421052631578947
        ],
        [
          2.0,
          1.7
        ],
        [
          1.7777777777777777,
          2.1333333333333333
        ],
        [
          1.9411764705882353,
          1.7894736842105263
        ],
        [
          2.0,
          1.8333333333333333
        ],
        [
          1.8823529411764706,
          1.8823529411764706
        ],
        [
          1.6842105263157894,
          1.6842105263157894
        ],
        [
          1.9411764705882353,
          1.391304347826087
        ],
        [
          1.7777777777777777,
          1.8823529411764706
        ],
        [
          1.6842105263157894,
          1.5714285714285714
        ],
        [
          1.8333333333333333,
          2.0
        ],
        [
          1.8823529411764706,
          2.0
        ],
        [
          1.7777777777777777,
          1.6842105263157894
        ],
        [
          2.0625,
          2.0
        ],
        [
          1.7777777777777777,
          1.8333333333333333
        ],
        [
          1.6842105263157894,
          1.6842105263157894
        ],
        [
          1.7777777777777777,
          2.2
        ],
        [
          1.7777777777777777,
          1.6842105263157894
        ],
        [
          2.0588235294117645,
          1.7777777777777777
        ],
        [
          1.736842105263158,
          1.736842105263158
        ],
        [
          2.0,
          2.0
        ],
        [
          2.0625,
          1.6842105263157894
        ],
        [
          1.8823529411764706,
          2.357142857142857
        ],
        [
          1.8823529411764706,
          1.8823529411764706
        ],
        [
          2.0,
          1.8823529411764706
        ],
        [
          1.8823529411764706,
          1.9411764705882353
        ],
        [
          2.4285714285714284,
          1.8823529411764706
        ],
        [
          2.125,
          2.2666666666666666
        ],
        [
          2.0625,
          2.0
        ],
        [
          1.7777777777777777,
          1.8333333333333333
        ],
        [
          1.7777777777777777,
          1.7777777777777777
        ],
        [
          2.2857142857142856,
          1.7777777777777777
        ],
        [
          1.8823529411764706,
          1.8823529411764706
        ],
        [
          1.8823529411764706,
          2.0
        ],
        [
          1.7777777777777777,
          2.1875
        ],
        [
          1.7777777777777777,
          1.9411764705882353
        ],
        [
          1.5714285714285714,
          1.65
        ],
        [
          1.736842105263158,
          1.7777777777777777
        ],
        [
          2.0625,
          1.6842105263157894
        ],
        [
          1.7777777777777777,
          1.9411764705882353
        ],
        [
          1.6,
          1.8823529411764706
        ],
        [
          2.1333333333333333,
          1.7777777777777777
        ],
        [
          1.8333333333333333,
          1.6842105263157894
        ],
        [
          2.0,
          1.8823529411764706
        ],
        [
          1.6842105263157894,
          1.9411764705882353
        ],
        [
          1.8823529411764706,
          2.0625
        ],
        [
          1.8888888888888888,
          1.8823529411764706
        ],
        [
          1.8823529411764706,
          2.0625
        ]
      ],
      "position_acceptance": [
        0.4982857142857143,
        0.533256880733945,
        0.3139784946236559,
        0.0958904109589041,
        0.6428571428571429
      ],
      "latency_ms": {
        "t_anchor": 306.3813126862182,
        "t_draft": 14.390202011314354,
        "t_verify": 315.4682610157345,
        "rounds": 1750,
        "gen_tokens": 3256.0,
        "L_offline_ms_per_tok": 341.95933891222893
      }
    },
    "code": {
      "mean_tau": 1.8478101297137675,
      "norm_tau": 0.3079683549522946,
      "n_prompts": 50,
      "n_seeds": 2,