{
  "ckpt": "ckpts/E2_soft/draft.pt",
  "C": "data/collapse/coact_k16/C.safetensors",
  "gamma": 5,
  "max_new": 32,
  "skip": 200,
  "per_domain": 50,
  "seeds": [
    0,
    1
  ],
  "results": {
    "math": {
      "mean_tau": 1.8965255479384737,
      "norm_tau": 0.31608759132307895,
      "n_prompts": 50,
      "n_seeds": 2,
      "tau_by_prompt_seed": [
        [
          1.6842105263157894,
          1.8823529411764706
        ],
        [
          1.7777777777777777,
          2.0
        ],
        [
          2.1333333333333333,
          2.0
        ],
        [
          2.0,
          1.8823529411764706
        ],
        [
          1.6842105263157894,
          1.7894736842105263
        ],
        [
          1.8823529411764706,
          1.8888888888888888
        ],
        [
          1.8823529411764706,
          1.8823529411764706
        ],
        [
          1.6,
          1.7777777777777777
        ],
        [
          1.7777777777777777,
          1.7777777777777777
        ],
        [
          1.6,
          1.75
        ],
        [
          1.7777777777777777,
          1.6842105263157894
        ],
        [
          2.0,
          1.7777777777777777
        ],
        [
          1.9411764705882353,
          2.125
        ],
        [
          1.6,
          2.0
        ],
        [
          1.8888888888888888,
          1.7777777777777777
        ],
        [
          2.1875,
          2.0
        ],
        [
          1.7777777777777777,
          1.8823529411764706
        ],
        [
          2.0,
          2.0
        ],
        [
          1.9411764705882353,
          1.6
        ],
        [
          1.7777777777777777,
          1.6
        ],
        [
          2.0588235294117645,
          1.7777777777777777
        ],
        [
          1.9411764705882353,
          1.7777777777777777
        ],
        [
          1.8823529411764706,
          2.0
        ],
        [
          2.0,
          1.8823529411764706
        ],
        [
          2.0,
          2.0
        ],
        [
          1.8823529411764706,
          2.0
        ],
        [
          1.7777777777777777,
          2.2
        ],
        [
          1.9411764705882353,
          1.8333333333333333
        ],
        [
          2.4285714285714284,
          2.4285714285714284
        ],
        [
          2.1875,
          1.8333333333333333
        ],
        [
          1.8333333333333333,
          1.8823529411764706
        ],
        [
          1.8823529411764706,
          2.1333333333333333
        ],
        [
          1.8333333333333333,
          1.7777777777777777
        ],
        [
          2.125,
          1.6842105263157894
        ],
        [
          1.8823529411764706,
          1.8888888888888888
        ],
        [
          1.8823529411764706,
          1.7777777777777777
        ],
        [
          2.0,
          2.1875
        ],
        [
          1.8333333333333333,
          1.8823529411764706
        ],
        [
          1.8823529411764706,
          2.0
        ],
        [
          2.0,
          1.8823529411764706
        ],
        [
          1.6842105263157894,
          1.7777777777777777
        ],
        [
          1.7777777777777777,
          1.7777777777777777
        ],
        [
          1.7777777777777777,
          1.8823529411764706
        ],
        [
          2.0,
          1.8823529411764706
        ],
        [
          1.8823529411764706,
          2.1333333333333333
        ],
        [
          2.0,
          2.125
        ],
        [
          1.7777777777777777,
          1.9411764705882353
        ],
        [
          2.0,
          2.1333333333333333
        ],
        [
          1.9411764705882353,
          1.8823529411764706
        ],
        [
          1.6,
          1.6
        ]
      ],
      "position_acceptance": [
        0.5257374204742625,
        0.4884488448844885,
        0.30180180180180183,
        0.22388059701492538,
        0.43333333333333335
      ],
      "latency_ms": {
        "t_anchor": 307.6235932421759,
        "t_draft": 15.877589477148573,
        "t_verify": 316.16624970739934,
        "rounds": 1729,
        "gen_tokens": 3259.0,
        "L_offline_ms_per_tok": 339.36329876213733
      }
    },
    "code": {
      "mean_tau": 1.853970009645908,
      "norm_tau": 0.3089950016076513,
      "n_prompts": 50,
      "n_seeds": 2,