{
  "ckpt": "ckpts_agg/E1_hard/draft.pt",
  "C": "data/collapse/coact_k16_agg/C.safetensors",
  "gamma": 5,
  "max_new": 32,
  "skip": 200,
  "per_domain": 50,
  "seeds": [
    0,
    1
  ],
  "results": {
    "math": {
      "mean_tau": 1.942317683348643,
      "norm_tau": 0.3237196138914405,
      "n_prompts": 50,
      "n_seeds": 2,
      "tau_by_prompt_seed": [
        [
          1.7777777777777777,
          1.736842105263158
        ],
        [
          1.8333333333333333,
          2.2666666666666666
        ],
        [
          2.0,
          2.2857142857142856
        ],
        [
          2.0,
          1.6842105263157894
        ],
        [
          1.7777777777777777,
          1.8823529411764706
        ],
        [
          2.0,
          2.2
        ],
        [
          1.9411764705882353,
          1.7777777777777777
        ],
        [
          1.8333333333333333,
          1.7777777777777777
        ],
        [
          1.9411764705882353,
          1.8823529411764706
        ],
        [
          1.8823529411764706,
          1.6842105263157894
        ],
        [
          2.0625,
          2.0
        ],
        [
          1.7777777777777777,
          1.7777777777777777
        ],
        [
          2.0,
          1.8888888888888888
        ],
        [
          1.8888888888888888,
          2.1333333333333333
        ],
        [
          1.6842105263157894,
          1.9411764705882353
        ],
        [
          1.8823529411764706,
          2.0
        ],
        [
          1.8823529411764706,
          2.1333333333333333
        ],
        [
          1.7777777777777777,
          1.8333333333333333
        ],
        [
          1.9411764705882353,
          1.8823529411764706
        ],
        [
          1.7777777777777777,
          1.6842105263157894
        ],
        [
          1.8823529411764706,
          2.0
        ],
        [
          1.9411764705882353,
          1.65
        ],
        [
          1.8888888888888888,
          2.125
        ],
        [
          2.0,
          1.7777777777777777
        ],
        [
          2.1333333333333333,
          2.0625
        ],
        [
          2.0,
          1.8888888888888888
        ],
        [
          1.9411764705882353,
          1.8888888888888888
        ],
        [
          1.8823529411764706,
          1.8333333333333333
        ],
        [
          2.125,
          1.7777777777777777
        ],
        [
          2.1333333333333333,
          1.736842105263158
        ],
        [
          1.8823529411764706,
          1.7894736842105263
        ],
        [
          2.1333333333333333,
          2.357142857142857
        ],
        [
          1.8823529411764706,
          1.7777777777777777
        ],
        [
          1.8823529411764706,
          1.736842105263158
        ],
        [
          2.125,
          2.125
        ],
        [
          1.8823529411764706,
          2.125
        ],
        [
          2.0,
          1.6842105263157894
        ],
        [
          2.4285714285714284,
          2.5384615384615383
        ],
        [
          1.8333333333333333,
          1.8421052631578947
        ],
        [
          2.1333333333333333,
          2.0625
        ],
        [
          1.65,
          1.7777777777777777
        ],
        [
          2.1333333333333333,
          2.0
        ],
        [
          1.6842105263157894,
          1.7777777777777777
        ],
        [
          2.1333333333333333,
          1.7777777777777777
        ],
        [
          2.125,
          2.0
        ],
        [
          2.2666666666666666,
          1.9411764705882353
        ],
        [
          2.0,
          1.8823529411764706
        ],
        [
          2.0,
          2.0625
        ],
        [
          2.0,
          2.1333333333333333
        ],
        [
          1.8823529411764706,
          2.0
        ]
      ],
      "position_acceptance": [
        0.524822695035461,
        0.545045045045045,
        0.33884297520661155,
        0.16463414634146342,
        0.2962962962962963
      ],
      "latency_ms": {
        "t_anchor": 306.0396007655313,
        "t_draft": 13.059545103592653,
        "t_verify": 315.1428186414206,
        "rounds": 1692,
        "gen_tokens": 3263.0,
        "L_offline_ms_per_tok": 328.88060188533296
      }
    },
    "code": {
      "mean_tau": 1.8291623052729864,
      "norm_tau": 0.3048603842121644,
      "n_prompts": 50,
      "n_seeds": 2,