{
  "ckpt": "ckpts_v3/C1_scratch/draft.pt",
  "C": null,
  "gamma": 5,
  "max_new": 32,
  "skip": 5000,
  "per_domain": 50,
  "seeds": [
    0,
    1
  ],
  "results": {
    "math": {
      "mean_tau": 1.9198334193326454,
      "norm_tau": 0.3199722365554409,
      "n_prompts": 50,
      "n_seeds": 2,
      "tau_by_prompt_seed": [
        [
          2.0625,
          2.0
        ],
        [
          1.736842105263158,
          1.6842105263157894
        ],
        [
          1.6842105263157894,
          2.1333333333333333
        ],
        [
          1.736842105263158,
          1.736842105263158
        ],
        [
          2.1333333333333333,
          1.6842105263157894
        ],
        [
          1.8823529411764706,
          1.7777777777777777
        ],
        [
          1.8823529411764706,
          2.2857142857142856
        ],
        [
          2.0,
          2.0
        ],
        [
          1.7894736842105263,
          1.7777777777777777
        ],
        [
          2.0,
          2.0625
        ],
        [
          1.8888888888888888,
          1.736842105263158
        ],
        [
          1.7894736842105263,
          1.7894736842105263
        ],
        [
          1.7777777777777777,
          1.6842105263157894
        ],
        [
          2.0625,
          2.0625
        ],
        [
          1.7777777777777777,
          1.9411764705882353
        ],
        [
          2.0555555555555554,
          2.0588235294117645
        ],
        [
          2.0,
          1.8823529411764706
        ],
        [
          1.9411764705882353,
          1.8823529411764706
        ],
        [
          1.9411764705882353,
          1.8823529411764706
        ],
        [
          2.1333333333333333,
          1.8823529411764706
        ],
        [
          1.7777777777777777,
          1.8823529411764706
        ],
        [
          1.6842105263157894,
          2.2
        ],
        [
          1.65,
          1.9411764705882353
        ],
        [
          1.8333333333333333,
          2.25
        ],
        [
          1.6,
          1.7777777777777777
        ],
        [
          1.8823529411764706,
          1.7777777777777777
        ],
        [
          1.7894736842105263,
          2.0
        ],
        [
          1.8823529411764706,
          1.8823529411764706
        ],
        [
          2.0,
          2.1333333333333333
        ],
        [
          2.0,
          1.9411764705882353
        ],
        [
          2.1333333333333333,
          2.2666666666666666
        ],
        [
          1.8823529411764706,
          2.0
        ],
        [
          2.0,
          2.357142857142857
        ],
        [
          1.7777777777777777,
          1.5238095238095237
        ],
        [
          1.7894736842105263,
          2.0
        ],
        [
          2.0,
          1.7894736842105263
        ],
        [
          1.6,
          1.6842105263157894
        ],
        [
          1.9411764705882353,
          1.7777777777777777
        ],
        [
          2.1333333333333333,
          1.8823529411764706
        ],
        [
          1.7777777777777777,
          2.1333333333333333
        ],
        [
          2.0,
          2.1333333333333333
        ],
        [
          2.0,
          1.9411764705882353
        ],
        [
          2.0,
          1.8888888888888888
        ],
        [
          2.0625,
          1.8333333333333333
        ],
        [
          2.0625,
          2.125
        ],
        [
          1.8333333333333333,
          2.0
        ],
        [
          2.0625,
          1.8333333333333333
        ],
        [
          1.7777777777777777,
          2.1333333333333333
        ],
        [
          2.0625,
          1.9411764705882353
        ],
        [
          1.736842105263158,
          2.0
        ]
      ],
      "position_acceptance": [
        0.5163360560093349,
        0.5740112994350283,
        0.281496062992126,
        0.0979020979020979,
        0.2857142857142857
      ],
      "latency_ms": {
        "t_anchor": 251.4966971523418,
        "t_draft": 14.808695091482344,
        "t_verify": 253.07170868297152,
        "rounds": 1714,
        "gen_tokens": 3268.0,
        "L_offline_ms_per_tok": 272.40280018008804
      }
    },
    "code": {
      "mean_tau": 1.8705239385227777,
      "norm_tau": 0.31175398975379626,
      "n_prompts": 50,
      "n_seeds": 2,