{
  "ckpt": "ckpts_v2/C1_scratch_long/draft.pt",
  "C": null,
  "gamma": 5,
  "max_new": 32,
  "skip": 300,
  "per_domain": 50,
  "seeds": [
    0,
    1
  ],
  "results": {
    "math": {
      "mean_tau": 1.9121535724337582,
      "norm_tau": 0.318692262072293,
      "n_prompts": 50,
      "n_seeds": 2,
      "tau_by_prompt_seed": [
        [
          1.7777777777777777,
          2.0
        ],
        [
          1.8823529411764706,
          2.0588235294117645
        ],
        [
          2.1333333333333333,
          1.7777777777777777
        ],
        [
          2.0625,
          1.736842105263158
        ],
        [
          2.0,
          1.8823529411764706
        ],
        [
          1.8823529411764706,
          1.8823529411764706
        ],
        [
          1.6842105263157894,
          1.736842105263158
        ],
        [
          2.0,
          2.0
        ],
        [
          1.9411764705882353,
          1.8823529411764706
        ],
        [
          1.7777777777777777,
          2.1333333333333333
        ],
        [
          2.2666666666666666,
          2.0625
        ],
        [
          1.7777777777777777,
          2.0
        ],
        [
          2.0,
          2.0
        ],
        [
          2.0625,
          1.7777777777777777
        ],
        [
          1.5454545454545454,
          1.7777777777777777
        ],
        [
          2.0625,
          2.0625
        ],
        [
          1.736842105263158,
          2.2
        ],
        [
          2.0625,
          1.8333333333333333
        ],
        [
          1.6842105263157894,
          2.0
        ],
        [
          1.9444444444444444,
          1.7777777777777777
        ],
        [
          1.7894736842105263,
          2.4285714285714284
        ],
        [
          2.125,
          1.6842105263157894
        ],
        [
          1.8333333333333333,
          1.9411764705882353
        ],
        [
          1.9411764705882353,
          2.2666666666666666
        ],
        [
          1.7894736842105263,
          1.9411764705882353
        ],
        [
          1.8823529411764706,
          1.6842105263157894
        ],
        [
          2.0,
          2.1333333333333333
        ],
        [
          1.9411764705882353,
          1.8333333333333333
        ],
        [
          1.7777777777777777,
          1.8888888888888888
        ],
        [
          2.0,
          2.0
        ],
        [
          1.9411764705882353,
          2.0625
        ],
        [
          2.1333333333333333,
          2.2857142857142856
        ],
        [
          1.7777777777777777,
          1.6842105263157894
        ],
        [
          1.7894736842105263,
          1.8333333333333333
        ],
        [
          1.7777777777777777,
          1.9411764705882353
        ],
        [
          2.2,
          2.0
        ],
        [
          2.0625,
          2.0
        ],
        [
          1.8823529411764706,
          1.7777777777777777
        ],
        [
          1.6,
          1.8823529411764706
        ],
        [
          2.0625,
          2.1176470588235294
        ],
        [
          1.7777777777777777,
          1.5238095238095237
        ],
        [
          1.8823529411764706,
          1.8823529411764706
        ],
        [
          1.8823529411764706,
          1.8823529411764706
        ],
        [
          2.0,
          2.0
        ],
        [
          1.6842105263157894,
          1.8333333333333333
        ],
        [
          1.7777777777777777,
          1.8888888888888888
        ],
        [
          2.0625,
          1.8823529411764706
        ],
        [
          1.5238095238095237,
          1.7777777777777777
        ],
        [
          1.9444444444444444,
          1.7777777777777777
        ],
        [
          1.8823529411764706,
          1.7894736842105263
        ]
      ],
      "position_acceptance": [
        0.5002908667830134,
        0.5465116279069767,
        0.3191489361702128,
        0.26666666666666666,
        0.625
      ],
      "latency_ms": {
        "t_anchor": 304.4274494600758,
        "t_draft": 14.329434754914773,
        "t_verify": 314.0864174487557,
        "rounds": 1719,
        "gen_tokens": 3264.0,
        "L_offline_ms_per_tok": 333.2897167769546
      }
    },
    "code": {
      "mean_tau": 1.8954596417514376,
      "norm_tau": 0.3159099402919063,
      "n_prompts": 50,
      "n_seeds": 2,