{
  "ckpt": "ckpts_agg/E2_soft/draft.pt",
  "C": "data/collapse/coact_k16_agg/C.safetensors",
  "gamma": 5,
  "max_new": 32,
  "skip": 200,
  "per_domain": 50,
  "seeds": [
    0,
    1
  ],
  "results": {
    "math": {
      "mean_tau": 1.9070929406850459,
      "norm_tau": 0.31784882344750764,
      "n_prompts": 50,
      "n_seeds": 2,
      "tau_by_prompt_seed": [
        [
          1.6842105263157894,
          2.0
        ],
        [
          1.8888888888888888,
          2.2666666666666666
        ],
        [
          1.6842105263157894,
          1.7777777777777777
        ],
        [
          2.2,
          1.8333333333333333
        ],
        [
          2.0,
          1.9444444444444444
        ],
        [
          2.0,
          2.0625
        ],
        [
          1.8823529411764706,
          1.9411764705882353
        ],
        [
          1.8333333333333333,
          1.8333333333333333
        ],
        [
          1.8823529411764706,
          1.736842105263158
        ],
        [
          1.6,
          1.9411764705882353
        ],
        [
          1.6842105263157894,
          2.125
        ],
        [
          1.6842105263157894,
          1.8823529411764706
        ],
        [
          2.125,
          1.6842105263157894
        ],
        [
          1.9411764705882353,
          1.6
        ],
        [
          1.7777777777777777,
          1.7777777777777777
        ],
        [
          2.1875,
          2.0
        ],
        [
          2.1333333333333333,
          2.2
        ],
        [
          2.0,
          1.8823529411764706
        ],
        [
          1.65,
          1.619047619047619
        ],
        [
          1.7777777777777777,
          1.9411764705882353
        ],
        [
          2.1875,
          2.0625
        ],
        [
          1.736842105263158,
          1.6842105263157894
        ],
        [
          1.7777777777777777,
          1.7777777777777777
        ],
        [
          1.6,
          2.0
        ],
        [
          1.7777777777777777,
          2.0625
        ],
        [
          2.1333333333333333,
          2.0
        ],
        [
          1.9411764705882353,
          1.8888888888888888
        ],
        [
          1.9411764705882353,
          1.736842105263158
        ],
        [
          1.8823529411764706,
          2.2666666666666666
        ],
        [
          1.7777777777777777,
          1.8823529411764706
        ],
        [
          1.8333333333333333,
          1.8823529411764706
        ],
        [
          2.1333333333333333,
          2.0625
        ],
        [
          1.7777777777777777,
          1.7777777777777777
        ],
        [
          2.0,
          1.7777777777777777
        ],
        [
          1.9411764705882353,
          2.1333333333333333
        ],
        [
          1.8823529411764706,
          2.1333333333333333
        ],
        [
          1.8823529411764706,
          2.1875
        ],
        [
          1.8823529411764706,
          2.2
        ],
        [
          1.619047619047619,
          1.8823529411764706
        ],
        [
          2.1333333333333333,
          2.125
        ],
        [
          1.6842105263157894,
          1.6
        ],
        [
          2.0,
          2.0
        ],
        [
          1.6842105263157894,
          1.6842105263157894
        ],
        [
          1.8823529411764706,
          1.7777777777777777
        ],
        [
          2.0,
          2.0625
        ],
        [
          1.7777777777777777,
          1.7777777777777777
        ],
        [
          2.0,
          1.9411764705882353
        ],
        [
          2.2666666666666666,
          1.8333333333333333
        ],
        [
          2.0,
          2.125
        ],
        [
          1.8823529411764706,
          1.7
        ]
      ],
      "position_acceptance": [
        0.5491898148148148,
        0.48050579557428874,
        0.26535087719298245,
        0.10743801652892562,
        0.3076923076923077
      ],
      "latency_ms": {
        "t_anchor": 305.5178375139399,
        "t_draft": 15.779426000301976,
        "t_verify": 314.7006834452542,
        "rounds": 1728,
        "gen_tokens": 3271.0,
        "L_offline_ms_per_tok": 335.98424101070293
      }
    },
    "code": {
      "mean_tau": 1.8336447407511647,
      "norm_tau": 0.3056074567918608,
      "n_prompts": 50,
      "n_seeds": 2,