{
  "ckpt": "ckpts_v2/E2_soft/draft.pt",
  "C": "data/collapse/coact_k16_v2/C.safetensors",
  "gamma": 5,
  "max_new": 32,
  "skip": 300,
  "per_domain": 50,
  "seeds": [
    0,
    1
  ],
  "results": {
    "math": {
      "mean_tau": 1.8442434986753873,
      "norm_tau": 0.3073739164458979,
      "n_prompts": 50,
      "n_seeds": 2,
      "tau_by_prompt_seed": [
        [
          2.0625,
          2.1333333333333333
        ],
        [
          1.8823529411764706,
          1.736842105263158
        ],
        [
          1.6842105263157894,
          1.9411764705882353
        ],
        [
          1.8823529411764706,
          2.0625
        ],
        [
          1.8823529411764706,
          1.7777777777777777
        ],
        [
          1.8823529411764706,
          1.8823529411764706
        ],
        [
          1.8823529411764706,
          1.8823529411764706
        ],
        [
          2.0,
          2.1333333333333333
        ],
        [
          1.6,
          1.5238095238095237
        ],
        [
          1.7777777777777777,
          1.9411764705882353
        ],
        [
          1.9411764705882353,
          1.8823529411764706
        ],
        [
          1.7777777777777777,
          2.0
        ],
        [
          1.6842105263157894,
          1.65
        ],
        [
          1.7777777777777777,
          1.7894736842105263
        ],
        [
          1.5714285714285714,
          1.736842105263158
        ],
        [
          2.0625,
          1.7777777777777777
        ],
        [
          1.6842105263157894,
          1.6842105263157894
        ],
        [
          1.6,
          1.736842105263158
        ],
        [
          1.5238095238095237,
          1.8333333333333333
        ],
        [
          1.65,
          1.9444444444444444
        ],
        [
          1.7777777777777777,
          1.736842105263158
        ],
        [
          1.8823529411764706,
          1.8333333333333333
        ],
        [
          1.7777777777777777,
          1.8823529411764706
        ],
        [
          1.9411764705882353,
          2.0
        ],
        [
          1.65,
          2.0
        ],
        [
          1.8823529411764706,
          1.8888888888888888
        ],
        [
          2.0,
          1.65
        ],
        [
          1.8823529411764706,
          1.7777777777777777
        ],
        [
          1.7894736842105263,
          1.7777777777777777
        ],
        [
          1.8333333333333333,
          1.4545454545454546
        ],
        [
          2.1333333333333333,
          1.6842105263157894
        ],
        [
          2.1333333333333333,
          1.8823529411764706
        ],
        [
          2.0,
          2.0
        ],
        [
          1.6842105263157894,
          1.8823529411764706
        ],
        [
          2.0,
          1.736842105263158
        ],
        [
          1.894736842105263,
          1.8888888888888888
        ],
        [
          1.8333333333333333,
          2.0625
        ],
        [
          2.2,
          1.8823529411764706
        ],
        [
          1.7777777777777777,
          1.6842105263157894
        ],
        [
          2.0,
          2.2
        ],
        [
          1.6842105263157894,
          1.65
        ],
        [
          1.8823529411764706,
          2.0
        ],
        [
          2.0,
          1.8823529411764706
        ],
        [
          1.9411764705882353,
          1.7777777777777777
        ],
        [
          1.7777777777777777,
          1.7777777777777777
        ],
        [
          1.6842105263157894,
          1.8823529411764706
        ],
        [
          1.7777777777777777,
          1.8333333333333333
        ],
        [
          1.7777777777777777,
          1.8333333333333333
        ],
        [
          1.8333333333333333,
          1.65
        ],
        [
          2.0,
          1.9411764705882353
        ]
      ],
      "position_acceptance": [
        0.49577940348902644,
        0.5323496027241771,
        0.2515991471215352,
        0.0847457627118644,
        0.1
      ],
      "latency_ms": {
        "t_anchor": 303.67804177428536,
        "t_draft": 15.579869181256308,
        "t_verify": 312.7493573170963,
        "rounds": 1777,
        "gen_tokens": 3256.0,
        "L_offline_ms_per_tok": 344.9253426659944
      }
    },
    "code": {
      "mean_tau": 1.7835683254821932,
      "norm_tau": 0.2972613875803655,
      "n_prompts": 50,
      "n_seeds": 2,