{
  "ckpt": "ckpts_v3/E1_hard/draft.pt",
  "C": "data/collapse/coact_k16_v3/C.safetensors",
  "gamma": 5,
  "max_new": 32,
  "skip": 5000,
  "per_domain": 50,
  "seeds": [
    0,
    1
  ],
  "results": {
    "math": {
      "mean_tau": 1.8782624860949164,
      "norm_tau": 0.31304374768248605,
      "n_prompts": 50,
      "n_seeds": 2,
      "tau_by_prompt_seed": [
        [
          1.9444444444444444,
          1.8823529411764706
        ],
        [
          1.6,
          1.5238095238095237
        ],
        [
          2.2666666666666666,
          2.0
        ],
        [
          1.736842105263158,
          1.65
        ],
        [
          2.1333333333333333,
          1.8888888888888888
        ],
        [
          1.8888888888888888,
          2.2857142857142856
        ],
        [
          2.0,
          1.6842105263157894
        ],
        [
          1.7777777777777777,
          2.2
        ],
        [
          1.65,
          1.6842105263157894
        ],
        [
          1.9411764705882353,
          1.8823529411764706
        ],
        [
          1.8888888888888888,
          1.8888888888888888
        ],
        [
          1.7894736842105263,
          2.0588235294117645
        ],
        [
          1.6,
          1.6
        ],
        [
          1.9411764705882353,
          2.2
        ],
        [
          1.7777777777777777,
          1.8333333333333333
        ],
        [
          2.0,
          2.0
        ],
        [
          1.6,
          2.0
        ],
        [
          1.8823529411764706,
          2.0
        ],
        [
          1.6,
          2.0
        ],
        [
          1.7777777777777777,
          1.8823529411764706
        ],
        [
          1.8823529411764706,
          1.8888888888888888
        ],
        [
          1.8823529411764706,
          2.0625
        ],
        [
          1.736842105263158,
          1.7777777777777777
        ],
        [
          1.736842105263158,
          1.8823529411764706
        ],
        [
          1.6,
          1.6
        ],
        [
          1.736842105263158,
          1.736842105263158
        ],
        [
          1.7894736842105263,
          1.9411764705882353
        ],
        [
          2.1333333333333333,
          2.1333333333333333
        ],
        [
          1.8823529411764706,
          1.8333333333333333
        ],
        [
          2.0,
          1.8823529411764706
        ],
        [
          2.1333333333333333,
          2.0625
        ],
        [
          1.9444444444444444,
          2.0
        ],
        [
          1.9411764705882353,
          1.8823529411764706
        ],
        [
          1.6842105263157894,
          1.5714285714285714
        ],
        [
          1.7894736842105263,
          2.0625
        ],
        [
          1.9411764705882353,
          1.8333333333333333
        ],
        [
          1.6842105263157894,
          1.6842105263157894
        ],
        [
          1.7777777777777777,
          1.7777777777777777
        ],
        [
          2.0,
          2.1333333333333333
        ],
        [
          2.0625,
          1.9411764705882353
        ],
        [
          1.9411764705882353,
          2.125
        ],
        [
          1.7777777777777777,
          1.9411764705882353
        ],
        [
          1.8823529411764706,
          1.8823529411764706
        ],
        [
          2.0625,
          2.2666666666666666
        ],
        [
          2.1333333333333333,
          1.7894736842105263
        ],
        [
          1.9411764705882353,
          1.9411764705882353
        ],
        [
          1.8823529411764706,
          1.8823529411764706
        ],
        [
          1.7777777777777777,
          1.8823529411764706
        ],
        [
          1.8333333333333333,
          1.4545454545454546
        ],
        [
          1.7777777777777777,
          1.6842105263157894
        ]
      ],
      "position_acceptance": [
        0.5008547008547009,
        0.6109215017064846,
        0.14338919925512103,
        0.22077922077922077,
        0.29411764705882354
      ],
      "latency_ms": {
        "t_anchor": 249.98879568250663,
        "t_draft": 12.759158181449786,
        "t_verify": 251.6069528749584,
        "rounds": 1755,
        "gen_tokens": 3270.0,
        "L_offline_ms_per_tok": 276.05286279106895
      }
    },
    "code": {
      "mean_tau": 1.83913778485876,
      "norm_tau": 0.3065229641431267,
      "n_prompts": 50,
      "n_seeds": 2,