{
  "ckpt": "ckpts/B3_dense/draft.pt",
  "C": null,
  "gamma": 5,
  "max_new": 32,
  "skip": 200,
  "per_domain": 50,
  "seeds": [
    0,
    1
  ],
  "results": {
    "math": {
      "mean_tau": 1.820025826040145,
      "norm_tau": 0.3033376376733575,
      "n_prompts": 50,
      "n_seeds": 2,
      "tau_by_prompt_seed": [
        [
          1.6842105263157894,
          1.4545454545454546
        ],
        [
          1.7777777777777777,
          2.125
        ],
        [
          2.125,
          2.1333333333333333
        ],
        [
          1.8823529411764706,
          1.8823529411764706
        ],
        [
          1.7777777777777777,
          1.8823529411764706
        ],
        [
          1.736842105263158,
          1.7
        ],
        [
          2.0625,
          1.9411764705882353
        ],
        [
          1.736842105263158,
          1.65
        ],
        [
          1.7894736842105263,
          1.736842105263158
        ],
        [
          1.8823529411764706,
          1.5238095238095237
        ],
        [
          1.7777777777777777,
          1.7894736842105263
        ],
        [
          2.0,
          1.7777777777777777
        ],
        [
          1.8333333333333333,
          1.8333333333333333
        ],
        [
          1.8888888888888888,
          1.8333333333333333
        ],
        [
          1.65,
          1.7894736842105263
        ],
        [
          1.9444444444444444,
          2.0
        ],
        [
          1.7777777777777777,
          1.8333333333333333
        ],
        [
          1.65,
          2.0
        ],
        [
          1.5238095238095237,
          1.6
        ],
        [
          1.7777777777777777,
          1.6842105263157894
        ],
        [
          2.1875,
          1.8823529411764706
        ],
        [
          1.6842105263157894,
          1.5714285714285714
        ],
        [
          1.8333333333333333,
          2.0
        ],
        [
          1.6842105263157894,
          1.5714285714285714
        ],
        [
          2.0,
          2.2
        ],
        [
          2.0,
          1.7894736842105263
        ],
        [
          1.8333333333333333,
          1.8823529411764706
        ],
        [
          1.6842105263157894,
          1.9411764705882353
        ],
        [
          1.6842105263157894,
          2.0
        ],
        [
          2.125,
          1.8823529411764706
        ],
        [
          1.8333333333333333,
          1.6842105263157894
        ],
        [
          2.2857142857142856,
          1.9411764705882353
        ],
        [
          1.6842105263157894,
          1.6
        ],
        [
          2.125,
          1.6842105263157894
        ],
        [
          1.8823529411764706,
          1.8333333333333333
        ],
        [
          1.6,
          1.5238095238095237
        ],
        [
          1.8823529411764706,
          1.6842105263157894
        ],
        [
          1.7777777777777777,
          1.4545454545454546
        ],
        [
          1.5714285714285714,
          1.65
        ],
        [
          1.736842105263158,
          1.7777777777777777
        ],
        [
          1.736842105263158,
          1.6842105263157894
        ],
        [
          1.7777777777777777,
          1.736842105263158
        ],
        [
          1.6842105263157894,
          1.8823529411764706
        ],
        [
          1.7777777777777777,
          1.8823529411764706
        ],
        [
          1.7777777777777777,
          1.7894736842105263
        ],
        [
          2.0,
          2.0625
        ],
        [
          1.9411764705882353,
          1.9411764705882353
        ],
        [
          1.8823529411764706,
          1.9411764705882353
        ],
        [
          2.0,
          1.8888888888888888
        ],
        [
          1.8333333333333333,
          1.6842105263157894
        ]
      ],
      "position_acceptance": [
        0.49944690265486724,
        0.46068660022148394,
        0.23076923076923078,
        0.3229166666666667,
        0.3548387096774194
      ],
      "latency_ms": {
        "t_anchor": 306.67358457043343,
        "t_draft": 9.955390823043809,
        "t_verify": 316.0620160996852,
        "rounds": 1808,
        "gen_tokens": 3265.0,
        "L_offline_ms_per_tok": 350.35384766298245
      }
    },
    "code": {
      "mean_tau": 1.758983930414271,
      "norm_tau": 0.2931639884023785,
      "n_prompts": 50,
      "n_seeds": 2,