{
  "ckpt": "ckpts_v2/E1_hard/draft.pt",
  "C": "data/collapse/coact_k16_v2/C.safetensors",
  "gamma": 5,
  "max_new": 32,
  "skip": 300,
  "per_domain": 50,
  "seeds": [
    0,
    1
  ],
  "results": {
    "math": {
      "mean_tau": 1.8745237562575021,
      "norm_tau": 0.31242062604291704,
      "n_prompts": 50,
      "n_seeds": 2,
      "tau_by_prompt_seed": [
        [
          2.2666666666666666,
          2.0
        ],
        [
          1.6842105263157894,
          1.736842105263158
        ],
        [
          1.9411764705882353,
          1.9411764705882353
        ],
        [
          1.8333333333333333,
          1.8333333333333333
        ],
        [
          1.6842105263157894,
          1.7777777777777777
        ],
        [
          1.8823529411764706,
          1.9411764705882353
        ],
        [
          1.6842105263157894,
          1.8333333333333333
        ],
        [
          2.0,
          2.1333333333333333
        ],
        [
          2.2857142857142856,
          1.9411764705882353
        ],
        [
          2.4615384615384617,
          2.0625
        ],
        [
          1.736842105263158,
          1.736842105263158
        ],
        [
          1.7777777777777777,
          2.0
        ],
        [
          1.6842105263157894,
          1.8823529411764706
        ],
        [
          2.0,
          1.7894736842105263
        ],
        [
          2.0,
          1.7
        ],
        [
          2.0625,
          1.5714285714285714
        ],
        [
          1.7777777777777777,
          1.9411764705882353
        ],
        [
          1.8823529411764706,
          1.736842105263158
        ],
        [
          1.736842105263158,
          1.6842105263157894
        ],
        [
          1.8333333333333333,
          1.736842105263158
        ],
        [
          1.7777777777777777,
          1.8333333333333333
        ],
        [
          1.7777777777777777,
          1.7894736842105263
        ],
        [
          1.4545454545454546,
          2.0
        ],
        [
          1.8333333333333333,
          1.8823529411764706
        ],
        [
          2.2666666666666666,
          2.0
        ],
        [
          1.7777777777777777,
          1.8888888888888888
        ],
        [
          2.1333333333333333,
          2.0625
        ],
        [
          2.0,
          1.6842105263157894
        ],
        [
          1.6842105263157894,
          1.8333333333333333
        ],
        [
          1.9411764705882353,
          1.8823529411764706
        ],
        [
          1.8888888888888888,
          1.8823529411764706
        ],
        [
          1.7777777777777777,
          1.7777777777777777
        ],
        [
          2.125,
          1.6842105263157894
        ],
        [
          1.8888888888888888,
          1.619047619047619
        ],
        [
          2.125,
          1.7777777777777777
        ],
        [
          1.7894736842105263,
          1.9411764705882353
        ],
        [
          1.8888888888888888,
          2.0
        ],
        [
          1.8333333333333333,
          1.7777777777777777
        ],
        [
          1.7777777777777777,
          1.7777777777777777
        ],
        [
          2.2666666666666666,
          2.2
        ],
        [
          1.7777777777777777,
          1.5238095238095237
        ],
        [
          1.8823529411764706,
          2.0
        ],
        [
          2.0,
          2.0
        ],
        [
          1.9411764705882353,
          1.6842105263157894
        ],
        [
          1.8333333333333333,
          1.7777777777777777
        ],
        [
          2.2,
          1.6842105263157894
        ],
        [
          1.7777777777777777,
          2.0
        ],
        [
          2.0625,
          1.8333333333333333
        ],
        [
          1.6842105263157894,
          1.736842105263158
        ],
        [
          1.7777777777777777,
          1.7777777777777777
        ]
      ],
      "position_acceptance": [
        0.5273037542662116,
        0.4638619201725998,
        0.28604651162790695,
        0.22764227642276422,
        0.14285714285714285
      ],
      "latency_ms": {
        "t_anchor": 304.5039671662993,
        "t_draft": 13.266869717748015,
        "t_verify": 313.58820450299106,
        "rounds": 1758,
        "gen_tokens": 3270.0,
        "L_offline_ms_per_tok": 339.4278883053252
      }
    },
    "code": {
      "mean_tau": 1.953284539334075,
      "norm_tau": 0.3255474232223458,
      "n_prompts": 50,
      "n_seeds": 2,