{
  "ckpt": "ckpts_v3/B3_dense/draft.pt",
  "C": null,
  "gamma": 5,
  "max_new": 32,
  "skip": 5000,
  "per_domain": 50,
  "seeds": [
    0,
    1
  ],
  "results": {
    "math": {
      "mean_tau": 1.8980403951054106,
      "norm_tau": 0.31634006585090174,
      "n_prompts": 50,
      "n_seeds": 2,
      "tau_by_prompt_seed": [
        [
          1.9444444444444444,
          2.0
        ],
        [
          1.6842105263157894,
          1.6
        ],
        [
          2.1333333333333333,
          2.1333333333333333
        ],
        [
          1.5714285714285714,
          1.65
        ],
        [
          1.7,
          2.0555555555555554
        ],
        [
          1.7777777777777777,
          1.736842105263158
        ],
        [
          2.0,
          1.736842105263158
        ],
        [
          1.7894736842105263,
          2.1333333333333333
        ],
        [
          1.65,
          1.8333333333333333
        ],
        [
          1.9411764705882353,
          2.1333333333333333
        ],
        [
          1.736842105263158,
          1.736842105263158
        ],
        [
          1.9444444444444444,
          1.7894736842105263
        ],
        [
          1.6,
          1.6842105263157894
        ],
        [
          2.0625,
          1.9411764705882353
        ],
        [
          1.6842105263157894,
          1.8823529411764706
        ],
        [
          2.1333333333333333,
          2.176470588235294
        ],
        [
          2.0,
          2.0
        ],
        [
          1.8421052631578947,
          1.8823529411764706
        ],
        [
          1.7777777777777777,
          1.8823529411764706
        ],
        [
          2.0,
          1.8823529411764706
        ],
        [
          2.0,
          1.9411764705882353
        ],
        [
          1.6842105263157894,
          2.1333333333333333
        ],
        [
          1.8823529411764706,
          1.8823529411764706
        ],
        [
          1.8333333333333333,
          2.3333333333333335
        ],
        [
          1.6,
          1.6
        ],
        [
          2.0625,
          1.9411764705882353
        ],
        [
          1.7894736842105263,
          2.125
        ],
        [
          1.8888888888888888,
          1.8333333333333333
        ],
        [
          2.0,
          2.0
        ],
        [
          1.8823529411764706,
          1.6842105263157894
        ],
        [
          2.0,
          1.9411764705882353
        ],
        [
          2.0625,
          2.0
        ],
        [
          2.2,
          1.8333333333333333
        ],
        [
          1.6842105263157894,
          1.8333333333333333
        ],
        [
          1.7894736842105263,
          2.0
        ],
        [
          1.8888888888888888,
          1.8333333333333333
        ],
        [
          1.6842105263157894,
          1.6842105263157894
        ],
        [
          1.8888888888888888,
          1.8823529411764706
        ],
        [
          2.0,
          1.8823529411764706
        ],
        [
          2.1333333333333333,
          1.9411764705882353
        ],
        [
          2.0,
          2.1333333333333333
        ],
        [
          1.7777777777777777,
          2.0
        ],
        [
          1.6842105263157894,
          1.8823529411764706
        ],
        [
          2.2,
          1.8823529411764706
        ],
        [
          2.1176470588235294,
          2.1875
        ],
        [
          1.9411764705882353,
          1.9411764705882353
        ],
        [
          1.8823529411764706,
          1.8823529411764706
        ],
        [
          1.8888888888888888,
          2.1333333333333333
        ],
        [
          1.9411764705882353,
          1.9411764705882353
        ],
        [
          1.6,
          1.6842105263157894
        ]
      ],
      "position_acceptance": [
        0.5154816513761468,
        0.5305895439377085,
        0.25157232704402516,
        0.325,
        0.20512820512820512
      ],
      "latency_ms": {
        "t_anchor": 247.47567056349016,
        "t_draft": 6.01720480736155,
        "t_verify": 248.88221432821751,
        "rounds": 1744,
        "gen_tokens": 3287.0,
        "L_offline_ms_per_tok": 266.54765939615964
      }
    },
    "code": {
      "mean_tau": 1.8393091122413878,
      "norm_tau": 0.30655151870689795,
      "n_prompts": 50,
      "n_seeds": 2,