{
  "ckpt": "ckpts_v2/B3_dense/draft.pt",
  "C": null,
  "gamma": 5,
  "max_new": 32,
  "skip": 300,
  "per_domain": 50,
  "seeds": [
    0,
    1
  ],
  "results": {
    "math": {
      "mean_tau": 1.875782894736842,
      "norm_tau": 0.31263048245614034,
      "n_prompts": 50,
      "n_seeds": 2,
      "tau_by_prompt_seed": [
        [
          1.7894736842105263,
          1.9411764705882353
        ],
        [
          2.0,
          1.8823529411764706
        ],
        [
          2.0,
          1.9411764705882353
        ],
        [
          1.8333333333333333,
          1.7777777777777777
        ],
        [
          2.0,
          1.9411764705882353
        ],
        [
          1.8823529411764706,
          1.8333333333333333
        ],
        [
          2.0,
          1.9411764705882353
        ],
        [
          1.8823529411764706,
          2.1333333333333333
        ],
        [
          1.8421052631578947,
          1.8333333333333333
        ],
        [
          2.0625,
          1.9411764705882353
        ],
        [
          2.125,
          1.8823529411764706
        ],
        [
          1.7777777777777777,
          1.7777777777777777
        ],
        [
          1.8823529411764706,
          1.7777777777777777
        ],
        [
          1.736842105263158,
          1.6
        ],
        [
          1.619047619047619,
          1.8333333333333333
        ],
        [
          1.8333333333333333,
          1.736842105263158
        ],
        [
          2.0,
          2.2
        ],
        [
          1.8333333333333333,
          1.8333333333333333
        ],
        [
          1.6,
          1.8333333333333333
        ],
        [
          1.5714285714285714,
          1.9444444444444444
        ],
        [
          1.7894736842105263,
          1.9411764705882353
        ],
        [
          1.8823529411764706,
          1.6842105263157894
        ],
        [
          1.7777777777777777,
          1.8823529411764706
        ],
        [
          1.8333333333333333,
          1.8823529411764706
        ],
        [
          1.8823529411764706,
          1.6
        ],
        [
          1.7777777777777777,
          1.8888888888888888
        ],
        [
          1.8823529411764706,
          1.9411764705882353
        ],
        [
          2.0,
          1.8823529411764706
        ],
        [
          1.7777777777777777,
          2.0555555555555554
        ],
        [
          1.9411764705882353,
          1.6842105263157894
        ],
        [
          1.8888888888888888,
          1.6842105263157894
        ],
        [
          2.1333333333333333,
          1.8823529411764706
        ],
        [
          2.125,
          2.0
        ],
        [
          1.8888888888888888,
          1.619047619047619
        ],
        [
          1.9411764705882353,
          1.7777777777777777
        ],
        [
          1.7777777777777777,
          1.9444444444444444
        ],
        [
          1.7777777777777777,
          2.1333333333333333
        ],
        [
          2.0625,
          1.8823529411764706
        ],
        [
          1.8823529411764706,
          1.7777777777777777
        ],
        [
          2.0,
          2.0625
        ],
        [
          1.7777777777777777,
          1.5238095238095237
        ],
        [
          1.8823529411764706,
          2.0
        ],
        [
          1.7777777777777777,
          2.0
        ],
        [
          1.9411764705882353,
          1.8823529411764706
        ],
        [
          1.8333333333333333,
          1.8823529411764706
        ],
        [
          1.8823529411764706,
          2.0625
        ],
        [
          1.6842105263157894,
          1.7777777777777777
        ],
        [
          2.0625,
          1.8823529411764706
        ],
        [
          1.6842105263157894,
          1.9411764705882353
        ],
        [
          2.1333333333333333,
          1.8823529411764706
        ]
      ],
      "position_acceptance": [
        0.5385494003426613,
        0.4750795334040297,
        0.22991071428571427,
        0.17475728155339806,
        0.2777777777777778
      ],
      "latency_ms": {
        "t_anchor": 303.81036619562707,
        "t_draft": 9.887308340723377,
        "t_verify": 313.11008625224747,
        "rounds": 1751,
        "gen_tokens": 3268.0,
        "L_offline_ms_per_tok": 335.84467231971695
      }
    },
    "code": {
      "mean_tau": 1.870268557422969,
      "norm_tau": 0.31171142623716147,
      "n_prompts": 50,
      "n_seeds": 2,