{
  "ckpt": "ckpts_v2/C1_scratch/draft.pt",
  "C": null,
  "gamma": 5,
  "max_new": 32,
  "skip": 300,
  "per_domain": 50,
  "seeds": [
    0,
    1
  ],
  "results": {
    "math": {
      "mean_tau": 1.7947151189024253,
      "norm_tau": 0.29911918648373753,
      "n_prompts": 50,
      "n_seeds": 2,
      "tau_by_prompt_seed": [
        [
          1.7777777777777777,
          1.7777777777777777
        ],
        [
          1.7777777777777777,
          1.7777777777777777
        ],
        [
          1.6842105263157894,
          1.6
        ],
        [
          1.7777777777777777,
          1.6
        ],
        [
          2.0,
          1.8823529411764706
        ],
        [
          1.8823529411764706,
          1.7894736842105263
        ],
        [
          1.7777777777777777,
          1.8823529411764706
        ],
        [
          1.6,
          1.8823529411764706
        ],
        [
          1.6,
          1.6842105263157894
        ],
        [
          1.65,
          1.6
        ],
        [
          2.1333333333333333,
          1.7777777777777777
        ],
        [
          1.65,
          1.7777777777777777
        ],
        [
          1.7777777777777777,
          1.65
        ],
        [
          1.736842105263158,
          1.7894736842105263
        ],
        [
          1.6,
          1.65
        ],
        [
          1.6842105263157894,
          1.8823529411764706
        ],
        [
          1.6842105263157894,
          2.0
        ],
        [
          1.736842105263158,
          1.736842105263158
        ],
        [
          1.7777777777777777,
          1.7777777777777777
        ],
        [
          1.65,
          1.5714285714285714
        ],
        [
          1.6842105263157894,
          1.7777777777777777
        ],
        [
          1.7777777777777777,
          1.6
        ],
        [
          1.4545454545454546,
          2.0
        ],
        [
          1.8823529411764706,
          1.736842105263158
        ],
        [
          1.6842105263157894,
          1.8888888888888888
        ],
        [
          1.7777777777777777,
          1.8888888888888888
        ],
        [
          1.7777777777777777,
          1.7777777777777777
        ],
        [
          1.8823529411764706,
          1.6
        ],
        [
          2.1875,
          1.8333333333333333
        ],
        [
          1.7777777777777777,
          1.8823529411764706
        ],
        [
          1.6842105263157894,
          1.736842105263158
        ],
        [
          2.1333333333333333,
          2.2857142857142856
        ],
        [
          1.8333333333333333,
          1.8333333333333333
        ],
        [
          1.8888888888888888,
          1.7777777777777777
        ],
        [
          1.736842105263158,
          1.7777777777777777
        ],
        [
          1.736842105263158,
          1.6842105263157894
        ],
        [
          1.9411764705882353,
          2.0
        ],
        [
          1.9411764705882353,
          1.8823529411764706
        ],
        [
          1.5238095238095237,
          1.6842105263157894
        ],
        [
          2.0,
          2.0
        ],
        [
          1.7777777777777777,
          1.65
        ],
        [
          1.9411764705882353,
          1.7777777777777777
        ],
        [
          2.0,
          1.8823529411764706
        ],
        [
          1.9411764705882353,
          1.736842105263158
        ],
        [
          1.8333333333333333,
          1.8823529411764706
        ],
        [
          1.9444444444444444,
          1.6
        ],
        [
          1.7777777777777777,
          2.0625
        ],
        [
          1.6,
          1.7777777777777777
        ],
        [
          1.8888888888888888,
          1.9411764705882353
        ],
        [
          1.5714285714285714,
          1.8823529411764706
        ]
      ],
      "position_acceptance": [
        0.4986271279516749,
        0.47026431718061673,
        0.1873536299765808,
        0.1375,
        0.09090909090909091
      ],
      "latency_ms": {
        "t_anchor": 304.16258655650614,
        "t_draft": 13.724127432568237,
        "t_verify": 313.0268173743365,
        "rounds": 1821,
        "gen_tokens": 3248.0,
        "L_offline_ms_per_tok": 353.723380730533
      }
    },
    "code": {
      "mean_tau": 1.7246577461440162,
      "norm_tau": 0.28744295769066935,
      "n_prompts": 50,
      "n_seeds": 2,