{
  "ckpt": "ckpts/E1_hard/draft.pt",
  "C": "data/collapse/coact_k16/C.safetensors",
  "gamma": 5,
  "max_new": 32,
  "skip": 200,
  "per_domain": 50,
  "seeds": [
    0,
    1
  ],
  "results": {
    "math": {
      "mean_tau": 1.868232148999951,
      "norm_tau": 0.31137202483332516,
      "n_prompts": 50,
      "n_seeds": 2,
      "tau_by_prompt_seed": [
        [
          1.6842105263157894,
          1.6
        ],
        [
          1.7777777777777777,
          1.6842105263157894
        ],
        [
          2.2,
          2.0
        ],
        [
          1.8823529411764706,
          1.8823529411764706
        ],
        [
          1.736842105263158,
          2.0
        ],
        [
          1.8333333333333333,
          1.7894736842105263
        ],
        [
          1.8333333333333333,
          1.9411764705882353
        ],
        [
          1.6,
          1.8823529411764706
        ],
        [
          1.9444444444444444,
          1.8823529411764706
        ],
        [
          2.2857142857142856,
          1.6
        ],
        [
          2.1333333333333333,
          1.736842105263158
        ],
        [
          1.7777777777777777,
          1.7777777777777777
        ],
        [
          1.8823529411764706,
          2.0
        ],
        [
          1.65,
          1.8823529411764706
        ],
        [
          1.7894736842105263,
          1.9411764705882353
        ],
        [
          2.1875,
          2.0
        ],
        [
          1.8823529411764706,
          1.8333333333333333
        ],
        [
          1.8823529411764706,
          1.6842105263157894
        ],
        [
          1.7777777777777777,
          1.7777777777777777
        ],
        [
          1.7777777777777777,
          1.6
        ],
        [
          1.8823529411764706,
          1.8888888888888888
        ],
        [
          1.9444444444444444,
          1.7
        ],
        [
          2.357142857142857,
          2.0
        ],
        [
          1.7894736842105263,
          1.6842105263157894
        ],
        [
          2.0,
          1.8823529411764706
        ],
        [
          1.8823529411764706,
          2.0
        ],
        [
          2.0,
          2.1333333333333333
        ],
        [
          1.7777777777777777,
          1.8823529411764706
        ],
        [
          2.2666666666666666,
          1.8823529411764706
        ],
        [
          2.0,
          1.6
        ],
        [
          1.8333333333333333,
          1.8888888888888888
        ],
        [
          1.8823529411764706,
          2.1333333333333333
        ],
        [
          1.736842105263158,
          1.7777777777777777
        ],
        [
          2.0,
          1.6842105263157894
        ],
        [
          1.9411764705882353,
          1.7894736842105263
        ],
        [
          1.8888888888888888,
          1.8823529411764706
        ],
        [
          2.0,
          2.0
        ],
        [
          1.8333333333333333,
          1.8823529411764706
        ],
        [
          1.8333333333333333,
          1.8333333333333333
        ],
        [
          1.736842105263158,
          1.8823529411764706
        ],
        [
          1.7777777777777777,
          1.7777777777777777
        ],
        [
          1.7777777777777777,
          1.6842105263157894
        ],
        [
          1.6842105263157894,
          1.8823529411764706
        ],
        [
          1.8823529411764706,
          1.8823529411764706
        ],
        [
          1.8333333333333333,
          1.8823529411764706
        ],
        [
          2.0,
          1.9411764705882353
        ],
        [
          1.8333333333333333,
          1.8823529411764706
        ],
        [
          1.8888888888888888,
          2.0625
        ],
        [
          1.8823529411764706,
          1.8823529411764706
        ],
        [
          1.7777777777777777,
          1.6
        ]
      ],
      "position_acceptance": [
        0.5307867730900798,
        0.46616541353383456,
        0.22811059907834103,
        0.29292929292929293,
        0.3793103448275862
      ],
      "latency_ms": {
        "t_anchor": 306.48685069859584,
        "t_draft": 13.357858533414554,
        "t_verify": 315.86189860348753,
        "rounds": 1754,
        "gen_tokens": 3258.0,
        "L_offline_ms_per_tok": 342.24352060879784
      }
    },
    "code": {
      "mean_tau": 1.845110048405327,
      "norm_tau": 0.30751834140088785,
      "n_prompts": 50,
      "n_seeds": 2,